{
  "project_info": {
    "project_number": "809366036903",
    "project_id": "why-you-b7731",
    "storage_bucket": "why-you-b7731.appspot.com"
  },
  "client": [
    {
      "client_info": {
        "mobilesdk_app_id": "1:809366036903:android:0f2ab132afbee4b2ef5682",
        "android_client_info": {
          "package_name": "com.example.whyyou"
        }
      },
      "oauth_client": [
        {
          "client_id": "809366036903-c3b4f0fah8ofc38fcoom889maanlder0.apps.googleusercontent.com",
          "client_type": 3
        }
      ],
      "api_key": [
        {
          "current_key": "AIzaSyCEXsyH1TJrAPSPADkJ_VRE63TiClUkKeI"
        }
      ],
      "services": {
        "appinvite_service": {
          "other_platform_oauth_client": [
            {
              "client_id": "809366036903-c3b4f0fah8ofc38fcoom889maanlder0.apps.googleusercontent.com",
              "client_type": 3
            }
          ]
        }
      }
    }
  ],
  "configuration_version": "1"
}